Ano,Unidade_Geografica,Localizacao,Dependencia_Administrativa,Educacao_Infantil_Total,Educacao_Infantil_Creche,Educacao_Infantil_PreEscola,Ensino_Fundamental_Total,Ensino_Fundamental_Anos_Iniciais,Ensino_Fundamental_Anos_Finais,Ensino_Medio,Educacao_Profissional,Educacao_Jovens_Adultos_EJA,Educacao_Especial
2024,Brasil,Total,Total,82.4,81.4,83.7,90.4,88.0,92.6,96.1,92.2,87.9,94.3
2024,Brasil,Total,Federal,89.3,87.7,91.1,98.1,96.5,98.8,99.1,99.0,99.1,85.9
2024,Brasil,Total,Estadual,77.9,62.9,80.1,95.8,94.6,96.1,96.4,93.4,95.8,97.8
2024,Brasil,Total,Municipal,86.7,85.7,87.9,90.6,90.6,90.7,94.0,89.3,76.7,94.4
2024,Brasil,Total,Privada,71.2,72.5,70.7,83.6,77.8,90.4,94.4,89.0,92.9,94.0
2024,Brasil,Total,Pública,86.7,85.7,87.8,92.2,91.1,93.2,96.6,95.0,87.8,94.9
2024,Brasil,Urbana,Total,83.7,82.3,85.4,92.2,89.3,95.1,96.4,92.1,93.7,94.3
2024,Brasil,Urbana,Federal,89.2,86.8,91.4,98.1,96.5,98.8,99.1,99.0,99.2,85.9
2024,Brasil,Urbana,Estadual,94.5,91.3,94.8,97.2,96.8,97.4,96.8,93.3,96.8,97.9
2024,Brasil,Urbana,Municipal,89.1,87.3,91.1,93.9,93.1,95.7,97.3,91.5,87.8,94.5
2024,Brasil,Urbana,Privada,71.3,72.7,70.9,83.7,77.9,90.5,94.5,89.0,93.2,94.0
2024,Brasil,Urbana,Pública,89.1,87.3,91.1,95.1,93.6,96.6,96.9,94.9,93.8,95.0
2024,Brasil,Rural,Total,72.6,69.6,74.5,80.8,79.7,82.1,92.5,95.4,64.8,91.2
2024,Brasil,Rural,Federal,92.3,100.0,75.0,0.0,0.0,0.0,99.2,99.2,98.4,0.0
2024,Brasil,Rural,Estadual,40.6,33.5,42.7,82.2,73.8,84.0,92.3,95.4,86.3,88.2
2024,Brasil,Rural,Municipal,73.5,70.5,75.3,80.7,80.3,81.6,78.7,63.7,56.1,86.7
2024,Brasil,Rural,Privada,60.7,60.9,61.5,75.3,68.4,83.1,87.9,85.5,87.1,93.8
2024,Brasil,Rural,Pública,73.0,70.0,74.7,80.9,79.9,82.0,92.7,96.2,64.6,86.9
2024,Norte,Total,Total,82.4,83.9,81.7,88.4,87.3,89.0,97.4,94.3,91.2,84.3
2024,Norte,Total,Federal,92.9,0.0,92.9,98.6,96.0,99.5,99.1,99.5,98.4,100.0
2024,Norte,Total,Estadual,40.0,100.0,36.6,93.1,90.0,93.8,97.5,95.9,97.8,99.4
2024,Norte,Total,Municipal,82.9,84.4,82.2,86.5,87.3,85.6,100.0,0.0,84.1,93.7
2024,Norte,Total,Privada,80.4,80.9,80.3,88.8,84.9,93.3,95.8,89.0,91.9,78.1
2024,Norte,Total,Pública,82.7,84.4,82.0,88.3,87.7,88.6,97.6,96.7,91.2,96.3
2024,Norte,Urbana,Total,88.1,86.9,88.7,95.3,92.8,97.5,98.7,94.3,98.1,84.7
2024,Norte,Urbana,Federal,92.9,0.0,92.9,98.6,96.0,99.5,99.2,99.4,98.3,100.0
2024,Norte,Urbana,Estadual,100.0,100.0,100.0,98.7,97.8,99.0,99.2,95.8,99.0,99.4
2024,Norte,Urbana,Municipal,89.9,88.2,91.0,95.4,94.3,97.5,100.0,0.0,97.1,94.1
2024,Norte,Urbana,Privada,80.3,80.9,80.2,88.7,84.8,93.3,95.9,88.9,92.8,78.2
2024,Norte,Urbana,Pública,89.9,88.2,91.0,96.7,94.9,98.3,99.2,96.7,98.3,96.5
2024,Norte,Rural,Total,67.6,67.6,68.0,76.7,73.1,78.7,93.3,96.2,77.5,74.3
2024,Norte,Rural,Federal,0.0,0.0,0.0,0.0,0.0,0.0,98.2,100.0,100.0,0.0
2024,Norte,Rural,Estadual,26.4,0.0,26.4,74.3,61.1,77.2,93.2,98.4,91.7,100.0
2024,Norte,Rural,Municipal,67.9,67.6,68.4,77.0,74.3,78.9,100.0,0.0,72.7,50.0
2024,Norte,Rural,Privada,88.2,71.4,92.3,91.0,93.6,91.7,92.6,91.2,87.3,75.0
2024,Norte,Rural,Pública,67.6,67.6,67.9,76.6,73.0,78.6,93.4,99.2,77.3,66.7
2024,Nordeste,Total,Total,71.6,70.7,72.8,83.1,79.2,86.3,94.0,88.9,79.0,86.0
2024,Nordeste,Total,Federal,100.0,100.0,100.0,99.3,98.3,99.6,98.6,98.6,98.7,0.0
2024,Nordeste,Total,Estadual,42.3,40.5,44.3,92.2,84.1,93.3,95.0,85.4,94.1,98.6
2024,Nordeste,Total,Municipal,76.4,75.1,78.0,85.3,84.2,86.4,69.2,50.0,66.6,87.0
2024,Nordeste,Total,Privada,56.8,57.1,57.4,72.9,65.5,81.8,89.2,84.4,89.8,77.3
2024,Nordeste,Total,Pública,76.2,74.9,77.8,86.0,84.2,87.4,95.2,92.1,78.8,91.8
2024,Nordeste,Urbana,Total,73.2,72.0,74.5,85.6,80.3,90.2,94.5,88.9,88.3,86.0
2024,Nordeste,Urbana,Federal,100.0,100.0,100.0,99.3,98.3,99.6,98.7,98.6,98.9,0.0
2024,Nordeste,Urbana,Estadual,85.3,83.1,88.1,97.8,98.0,97.7,95.7,85.4,95.4,99.1
2024,Nordeste,Urbana,Municipal,80.6,78.1,83.4,90.2,88.0,92.4,76.2,53.9,79.3,87.2
2024,Nordeste,Urbana,Privada,56.7,57.0,57.4,73.0,65.6,81.9,89.4,84.5,90.0,77.2
2024,Nordeste,Urbana,Pública,80.6,78.1,83.4,91.1,88.3,93.5,95.9,92.2,88.3,92.1
2024,Nordeste,Rural,Total,67.3,66.0,68.8,76.6,75.9,77.5,88.7,90.2,56.8,84.2
2024,Nordeste,Rural,Federal,0.0,0.0,0.0,0.0,0.0,0.0,98.2,98.7,98.1,0.0
2024,Nordeste,Rural,Estadual,33.6,29.2,37.3,61.4,48.5,65.5,88.8,85.0,84.5,88.9
2024,Nordeste,Rural,Municipal,68.1,67.0,69.5,77.3,76.9,78.2,65.6,44.1,50.1,77.8
2024,Nordeste,Rural,Privada,59.2,60.4,57.8,65.8,60.1,73.2,81.1,67.9,75.0,100.0
2024,Nordeste,Rural,Pública,67.6,66.3,69.1,76.7,76.2,77.6,89.2,91.7,56.7,83.3
2024,Sudeste,Total,Total,85.9,84.4,87.9,93.4,90.5,96.3,96.8,92.8,96.8,92.9
2024,Sudeste,Total,Federal,83.7,81.8,86.8,97.6,96.4,98.3,99.6,99.3,99.5,85.1
2024,Sudeste,Total,Estadual,65.9,97.4,41.1,96.9,97.0,96.9,96.9,96.7,96.7,96.3
2024,Sudeste,Total,Municipal,89.9,87.7,92.2,94.6,93.2,97.6,98.8,94.7,97.1,91.1
2024,Sudeste,Total,Privada,78.2,79.6,76.7,87.2,81.3,93.9,96.0,88.6,92.0,93.5
2024,Sudeste,Total,Pública,89.8,87.7,92.1,95.5,93.9,97.2,97.0,97.1,96.9,91.5
2024,Sudeste,Urbana,Total,86.0,84.6,88.0,93.6,90.7,96.6,96.8,92.6,97.2,92.9
2024,Sudeste,Urbana,Federal,83.0,79.7,87.2,97.6,96.4,98.3,99.6,99.3,99.5,85.1
2024,Sudeste,Urbana,Estadual,92.1,98.0,79.2,97.3,97.3,97.3,97.0,96.6,97.4,96.3
2024,Sudeste,Urbana,Municipal,90.2,88.0,92.6,95.0,93.7,98.2,98.8,94.7,97.2,91.2
2024,Sudeste,Urbana,Privada,78.2,79.7,76.8,87.3,81.4,93.9,96.0,88.6,92.1,93.5
2024,Sudeste,Urbana,Pública,90.2,88.0,92.6,95.9,94.3,97.6,97.1,97.0,97.4,91.7
2024,Sudeste,Rural,Total,83.7,76.6,86.5,90.3,87.7,92.6,94.8,98.8,88.5,91.4
2024,Sudeste,Rural,Federal,92.3,100.0,75.0,0.0,0.0,0.0,99.9,99.7,0.0,0.0
2024,Sudeste,Rural,Estadual,23.3,87.5,19.2,88.4,87.9,88.3,94.3,98.7,87.3,0.0
2024,Sudeste,Rural,Municipal,85.3,77.9,87.9,91.1,88.3,94.4,98.1,100.0,94.2,66.7
2024,Sudeste,Rural,Privada,61.9,59.6,68.1,82.9,73.2,91.9,91.7,90.0,89.7,97.0
2024,Sudeste,Rural,Pública,84.6,78.0,87.0,90.5,88.2,92.6,95.0,99.1,88.5,66.7
2024,Sul,Total,Total,84.5,82.1,87.5,94.6,93.3,95.8,96.1,92.7,96.1,96.7
2024,Sul,Total,Federal,100.0,100.0,100.0,97.8,95.2,98.2,99.3,99.3,99.3,94.4
2024,Sul,Total,Estadual,33.9,73.3,31.9,95.3,93.2,95.8,95.8,89.3,95.2,97.4
2024,Sul,Total,Municipal,91.8,90.8,92.8,95.5,94.9,96.9,97.2,100.0,98.3,97.3
2024,Sul,Total,Privada,59.7,56.5,67.2,89.8,86.4,93.8,96.2,93.6,96.7,96.4
2024,Sul,Total,Pública,91.6,90.8,92.5,95.4,94.7,96.2,96.0,91.8,96.1,97.2
2024,Sul,Urbana,Total,84.2,82.0,87.4,95.0,93.6,96.3,96.2,92.6,96.6,96.7
2024,Sul,Urbana,Federal,100.0,100.0,100.0,97.8,95.2,98.2,99.2,99.3,99.5,94.4
2024,Sul,Urbana,Estadual,61.4,73.3,59.1,95.9,94.6,96.3,96.0,89.2,95.8,97.6
2024,Sul,Urbana,Municipal,91.9,90.9,93.2,96.0,95.4,97.7,98.0,100.0,98.4,97.3
2024,Sul,Urbana,Privada,59.7,56.5,67.2,89.9,86.4,93.9,96.2,93.6,96.7,96.4
2024,Sul,Urbana,Pública,91.9,90.8,93.2,95.9,95.2,96.7,96.2,91.6,96.5,97.3
2024,Sul,Rural,Total,87.8,87.2,88.1,92.1,90.6,93.0,93.9,96.0,85.2,95.8
2024,Sul,Rural,Federal,0.0,0.0,0.0,0.0,0.0,0.0,99.9,99.2,98.4,0.0
2024,Sul,Rural,Estadual,25.8,0.0,25.8,90.4,81.3,91.8,93.1,93.8,79.4,50.0
2024,Sul,Rural,Municipal,89.8,88.6,90.0,93.1,92.1,94.3,95.8,100.0,95.5,93.7
2024,Sul,Rural,Privada,59.6,61.7,59.7,80.9,77.5,83.0,96.0,95.0,100.0,98.7
2024,Sul,Rural,Pública,88.4,88.6,88.3,92.1,90.7,93.1,93.9,96.0,85.2,92.3
2024,Centro-Oeste,Total,Total,91.6,90.0,92.7,95.5,94.5,96.2,97.4,94.0,97.2,95.1
2024,Centro-Oeste,Total,Federal,100.0,100.0,100.0,100.0,100.0,100.0,99.4,99.3,99.6,0.0
2024,Centro-Oeste,Total,Estadual,96.1,90.0,96.3,97.5,96.7,97.7,97.9,97.2,96.9,98.8
2024,Centro-Oeste,Total,Municipal,95.1,94.6,95.7,96.4,96.7,95.1,100.0,100.0,98.2,97.7
2024,Centro-Oeste,Total,Privada,81.6,79.9,83.7,90.3,87.7,92.9,94.9,89.7,94.8,93.6
2024,Centro-Oeste,Total,Pública,95.2,94.6,95.7,96.9,96.7,97.0,98.1,97.9,97.2,98.5
2024,Centro-Oeste,Urbana,Total,92.0,90.0,93.4,96.4,95.3,97.2,97.7,93.6,98.7,95.1
2024,Centro-Oeste,Urbana,Federal,100.0,100.0,100.0,100.0,100.0,100.0,99.3,99.1,99.6,0.0
2024,Centro-Oeste,Urbana,Estadual,95.9,89.5,96.1,98.3,97.3,98.5,98.5,97.1,98.7,98.8
2024,Centro-Oeste,Urbana,Municipal,96.0,94.8,97.2,98.2,98.1,98.6,100.0,0.0,99.5,97.7
2024,Centro-Oeste,Urbana,Privada,81.6,79.9,83.7,90.3,87.7,93.0,94.9,89.6,94.8,93.6
2024,Centro-Oeste,Urbana,Pública,96.0,94.8,97.0,98.3,98.0,98.5,98.5,97.7,98.9,98.5
2024,Centro-Oeste,Rural,Total,85.2,84.6,85.3,87.8,87.0,88.3,94.7,98.9,84.9,100.0
2024,Centro-Oeste,Rural,Federal,0.0,0.0,0.0,0.0,0.0,0.0,99.7,100.0,100.0,0.0
2024,Centro-Oeste,Rural,Estadual,98.0,92.9,98.4,90.6,92.3,90.1,93.9,98.9,85.0,100.0
2024,Centro-Oeste,Rural,Municipal,84.2,85.2,84.2,86.1,85.5,86.6,100.0,100.0,78.9,100.0
2024,Centro-Oeste,Rural,Privada,81.3,77.1,83.8,85.4,85.1,87.0,91.1,93.3,0.0,0.0
2024,Centro-Oeste,Rural,Pública,85.3,85.6,85.3,87.8,87.0,88.3,94.8,99.6,84.9,100.0
2024,Rondônia,Total,Total,94.9,93.6,95.4,95.5,94.3,96.4,98.8,93.9,99.0,98.5
2024,Rondônia,Total,Federal,0.0,0.0,0.0,0.0,0.0,0.0,98.4,98.1,92.3,0.0
2024,Rondônia,Total,Estadual,100.0,0.0,100.0,94.1,80.2,96.3,99.1,96.2,99.0,100.0
2024,Rondônia,Total,Municipal,96.9,96.2,97.2,97.4,97.3,97.5,0.0,0.0,99.3,0.0
2024,Rondônia,Total,Privada,85.8,85.0,86.7,92.7,90.0,95.3,96.9,92.1,100.0,98.0
2024,Rondônia,Total,Pública,96.9,96.2,97.2,95.9,95.1,96.6,99.1,97.5,99.0,100.0
2024,Rondônia,Urbana,Total,94.6,93.6,95.0,97.4,96.1,98.4,99.2,93.5,99.1,98.5
2024,Rondônia,Urbana,Federal,0.0,0.0,0.0,0.0,0.0,0.0,98.7,98.1,92.3,0.0
2024,Rondônia,Urbana,Estadual,100.0,0.0,100.0,99.1,97.6,99.3,99.6,94.1,99.1,100.0
2024,Rondônia,Urbana,Municipal,96.9,96.3,97.2,97.5,97.5,96.4,0.0,0.0,99.3,0.0
2024,Rondônia,Urbana,Privada,85.8,85.0,86.7,92.7,90.1,95.2,97.2,91.9,100.0,98.0
2024,Rondônia,Urbana,Pública,96.9,96.3,97.2,98.3,97.5,99.1,99.5,97.1,99.0,100.0
2024,Rondônia,Rural,Total,97.0,87.5,97.5,88.4,86.5,90.2,96.6,100.0,97.4,0.0
2024,Rondônia,Rural,Federal,0.0,0.0,0.0,0.0,0.0,0.0,97.5,0.0,0.0,0.0
2024,Rondônia,Rural,Estadual,0.0,0.0,0.0,61.4,31.7,72.5,96.6,100.0,96.6,0.0
2024,Rondônia,Rural,Municipal,97.0,87.5,97.5,97.2,96.5,97.8,0.0,0.0,100.0,0.0
2024,Rondônia,Rural,Privada,0.0,0.0,0.0,91.5,87.2,97.8,94.9,100.0,0.0,0.0
2024,Rondônia,Rural,Pública,97.0,87.5,97.5,88.3,86.4,89.9,96.7,100.0,97.4,0.0
2024,Acre,Total,Total,72.2,89.0,64.2,84.3,93.0,79.1,92.4,90.3,84.8,87.5
2024,Acre,Total,Federal,66.7,0.0,66.7,97.0,87.5,100.0,99.2,100.0,0.0,0.0
2024,Acre,Total,Estadual,5.7,0.0,5.7,87.9,93.3,85.8,91.3,95.9,94.9,95.5
2024,Acre,Total,Municipal,72.8,89.3,64.6,76.4,92.7,59.8,0.0,0.0,55.0,0.0
2024,Acre,Total,Privada,89.1,85.1,89.8,95.2,93.4,97.4,96.3,64.7,86.4,0.0
2024,Acre,Total,Pública,71.2,89.3,62.5,83.5,92.9,78.3,92.1,97.7,84.8,95.5
2024,Acre,Urbana,Total,94.7,93.2,95.6,98.1,97.2,99.1,99.0,89.5,98.0,87.5
2024,Acre,Urbana,Federal,66.7,0.0,66.7,97.0,87.5,100.0,99.0,100.0,0.0,0.0
2024,Acre,Urbana,Estadual,0.0,0.0,0.0,99.2,99.1,99.3,99.4,95.0,98.7,95.5
2024,Acre,Urbana,Municipal,95.2,93.9,96.4,96.9,96.6,99.4,0.0,0.0,96.5,0.0
2024,Acre,Urbana,Privada,89.1,85.1,89.8,95.2,93.4,97.4,96.3,64.7,86.4,0.0
2024,Acre,Urbana,Pública,95.2,93.9,96.3,98.5,97.7,99.3,99.4,97.5,98.4,95.5
2024,Acre,Rural,Total,31.4,70.2,26.2,66.6,77.0,64.2,83.3,100.0,62.6,0.0
2024,Acre,Rural,Federal,0.0,0.0,0.0,0.0,0.0,0.0,100.0,0.0,0.0,0.0
2024,Acre,Rural,Estadual,5.7,0.0,5.7,71.7,71.6,71.3,82.6,100.0,85.2,0.0
2024,Acre,Rural,Municipal,33.2,70.2,27.8,60.6,80.8,55.0,0.0,0.0,34.3,0.0
2024,Acre,Rural,Pública,31.4,70.2,26.2,66.6,77.0,64.2,83.3,100.0,62.6,0.0
2024,Amazonas,Total,Total,74.9,74.1,75.7,82.2,82.2,82.6,97.7,95.8,86.1,94.4
2024,Amazonas,Total,Federal,0.0,0.0,0.0,97.9,0.0,97.9,99.3,99.7,100.0,0.0
2024,Amazonas,Total,Estadual,0.0,0.0,0.0,97.0,97.2,96.5,98.0,95.4,99.5,100.0
2024,Amazonas,Total,Municipal,74.0,72.5,75.0,75.6,77.7,74.4,0.0,0.0,74.7,93.0
2024,Amazonas,Total,Privada,80.6,81.5,79.7,87.3,84.2,91.8,93.9,95.6,92.3,92.9
2024,Amazonas,Total,Pública,74.0,72.5,75.0,81.8,81.9,81.9,98.0,95.8,86.0,95.1
2024,Amazonas,Urbana,Total,83.5,79.8,85.6,95.4,93.4,97.4,99.1,95.8,98.3,94.2
2024,Amazonas,Urbana,Federal,0.0,0.0,0.0,97.9,0.0,97.9,99.5,99.7,100.0,0.0
2024,Amazonas,Urbana,Estadual,0.0,0.0,0.0,99.6,99.4,99.8,99.8,95.4,99.7,100.0
2024,Amazonas,Urbana,Municipal,84.2,79.3,87.1,94.6,93.4,96.5,0.0,0.0,96.4,93.0
2024,Amazonas,Urbana,Privada,80.6,81.6,79.8,87.3,84.2,91.7,93.9,96.2,92.3,92.0
2024,Amazonas,Urbana,Pública,84.2,79.3,87.1,96.7,95.2,98.2,99.8,95.8,98.5,95.1
2024,Amazonas,Rural,Total,51.7,48.7,53.4,59.5,55.3,63.6,95.5,93.0,57.4,100.0
2024,Amazonas,Rural,Federal,0.0,0.0,0.0,0.0,0.0,0.0,97.7,100.0,0.0,0.0
2024,Amazonas,Rural,Estadual,0.0,0.0,0.0,80.8,77.7,80.9,95.4,0.0,96.9,0.0
2024,Amazonas,Rural,Municipal,51.7,48.6,53.4,57.1,53.6,61.0,0.0,0.0,53.5,0.0
2024,Amazonas,Rural,Privada,66.7,66.7,66.7,92.3,83.3,100.0,100.0,62.5,0.0,100.0
2024,Amazonas,Rural,Pública,51.7,48.6,53.4,59.4,55.3,63.5,95.5,100.0,57.4,0.0
2024,Roraima,Total,Total,81.7,81.7,81.8,82.6,84.4,79.8,88.2,95.6,89.2,0.0
2024,Roraima,Total,Federal,0.0,0.0,0.0,100.0,100.0,100.0,98.8,100.0,100.0,0.0
2024,Roraima,Total,Estadual,0.0,0.0,0.0,77.5,48.5,79.8,87.1,87.5,88.3,0.0
2024,Roraima,Total,Municipal,82.3,82.6,82.3,87.8,89.4,70.9,0.0,0.0,93.2,0.0
2024,Roraima,Total,Privada,77.4,79.5,76.8,85.6,80.5,91.5,91.8,97.7,93.9,0.0
2024,Roraima,Total,Pública,82.3,82.6,82.3,82.4,84.8,79.2,87.9,94.8,89.0,0.0
2024,Roraima,Urbana,Total,91.2,89.3,91.9,94.1,92.9,95.1,96.7,95.2,97.9,0.0
2024,Roraima,Urbana,Federal,0.0,0.0,0.0,100.0,100.0,100.0,99.0,100.0,100.0,0.0
2024,Roraima,Urbana,Estadual,0.0,0.0,0.0,95.7,100.0,95.7,97.0,87.5,97.9,0.0
2024,Roraima,Urbana,Municipal,94.1,94.4,94.1,94.6,94.6,91.9,0.0,0.0,100.0,0.0
2024,Roraima,Urbana,Privada,77.4,79.5,76.8,85.6,80.5,91.5,92.6,97.7,93.9,0.0
2024,Roraima,Urbana,Pública,94.1,94.4,94.1,95.1,94.6,95.6,97.1,94.1,98.3,0.0
2024,Roraima,Rural,Total,57.1,47.9,59.0,64.4,62.1,64.1,77.0,100.0,79.1,0.0
2024,Roraima,Rural,Federal,0.0,0.0,0.0,0.0,0.0,0.0,98.4,100.0,0.0,0.0
2024,Roraima,Rural,Estadual,0.0,0.0,0.0,62.6,46.7,64.5,75.6,0.0,79.6,0.0
2024,Roraima,Rural,Municipal,57.1,47.9,59.0,68.8,71.0,61.3,0.0,0.0,69.2,0.0
2024,Roraima,Rural,Privada,0.0,0.0,0.0,0.0,0.0,0.0,80.0,0.0,0.0,0.0
2024,Roraima,Rural,Pública,57.1,47.9,59.0,64.4,62.1,64.1,77.0,100.0,79.1,0.0
2024,Pará,Total,Total,84.7,86.2,84.0,90.8,89.2,91.6,98.3,92.5,92.2,97.3
2024,Pará,Total,Federal,100.0,0.0,100.0,98.8,96.4,100.0,99.5,99.6,98.7,100.0
2024,Pará,Total,Estadual,93.3,100.0,92.1,98.7,97.8,98.9,98.9,99.0,98.8,100.0
2024,Pará,Total,Municipal,85.6,87.2,84.9,90.1,89.6,90.1,100.0,0.0,87.4,95.7
2024,Pará,Total,Privada,78.9,80.2,78.8,88.6,84.1,93.4,96.3,86.9,90.8,88.9
2024,Pará,Total,Pública,85.6,87.2,84.9,91.2,90.3,91.4,98.9,99.3,92.3,98.5
2024,Pará,Urbana,Total,89.2,89.0,89.2,95.1,92.6,97.3,98.4,92.5,98.1,98.6
2024,Pará,Urbana,Federal,100.0,0.0,100.0,98.8,96.4,100.0,99.5,99.6,98.3,100.0
2024,Pará,Urbana,Estadual,100.0,100.0,100.0,99.1,98.6,99.2,99.0,99.0,99.0,100.0
2024,Pará,Urbana,Municipal,91.9,90.9,92.6,96.5,95.2,98.1,100.0,0.0,97.8,100.0
2024,Pará,Urbana,Privada,78.8,80.3,78.7,88.6,84.0,93.4,96.5,86.8,91.8,88.9
2024,Pará,Urbana,Pública,91.9,90.9,92.6,97.1,95.5,98.5,99.0,99.3,98.5,100.0
2024,Pará,Rural,Total,76.2,75.2,76.7,85.0,82.0,86.1,98.1,94.9,82.5,66.7
2024,Pará,Rural,Federal,0.0,0.0,0.0,0.0,0.0,0.0,97.5,0.0,100.0,0.0
2024,Pará,Rural,Estadual,88.5,0.0,88.5,95.9,88.2,97.1,98.4,100.0,98.2,100.0
2024,Pará,Rural,Municipal,76.2,75.2,76.6,84.7,81.8,85.8,100.0,0.0,79.3,50.0
2024,Pará,Rural,Privada,92.3,75.0,100.0,91.4,97.3,90.8,90.6,90.6,87.3,0.0
2024,Pará,Rural,Pública,76.2,75.2,76.7,85.0,81.9,86.1,98.4,100.0,82.4,66.7
2024,Amapá,Total,Total,83.5,83.8,83.5,89.1,83.5,93.9,98.2,97.2,95.6,91.2
2024,Amapá,Total,Federal,0.0,0.0,0.0,0.0,0.0,0.0,98.5,95.9,94.4,0.0
2024,Amapá,Total,Estadual,7.4,0.0,7.4,90.0,75.2,95.2,98.5,98.1,96.0,0.0
2024,Amapá,Total,Municipal,84.4,82.7,84.9,86.4,86.4,85.6,0.0,0.0,93.7,100.0
2024,Amapá,Total,Privada,86.2,86.8,86.1,92.3,90.9,94.4,96.3,96.6,100.0,90.6
2024,Amapá,Total,Pública,83.0,82.7,83.0,88.7,82.4,93.9,98.5,97.4,95.4,100.0
2024,Amapá,Urbana,Total,85.1,83.0,85.9,92.8,88.0,97.6,98.5,97.0,97.5,91.2
2024,Amapá,Urbana,Federal,0.0,0.0,0.0,0.0,0.0,0.0,98.5,95.9,94.4,0.0
2024,Amapá,Urbana,Estadual,0.0,0.0,0.0,95.3,86.1,98.0,98.8,98.1,97.7,0.0
2024,Amapá,Urbana,Municipal,84.9,81.3,85.9,89.0,87.8,98.2,0.0,0.0,97.1,100.0
2024,Amapá,Urbana,Privada,86.2,86.8,86.1,92.6,90.9,95.0,96.7,95.9,100.0,90.6
2024,Amapá,Urbana,Pública,84.9,81.3,85.9,92.9,87.3,98.0,98.8,97.4,97.4,100.0
2024,Amapá,Rural,Total,78.3,88.5,76.6,80.5,72.1,86.4,97.1,100.0,90.4,0.0
2024,Amapá,Rural,Estadual,7.4,0.0,7.4,80.3,61.6,89.2,97.4,0.0,92.0,0.0
2024,Amapá,Rural,Municipal,83.3,88.5,82.4,80.7,82.1,77.4,0.0,0.0,84.6,0.0
2024,Amapá,Rural,Privada,0.0,0.0,0.0,85.2,0.0,85.2,93.2,100.0,0.0,0.0
2024,Amapá,Rural,Pública,78.3,88.5,76.6,80.5,72.1,86.4,97.4,0.0,90.4,0.0
2024,Tocantins,Total,Total,83.2,83.8,82.4,91.2,88.1,93.1,97.3,89.6,91.8,73.1
2024,Tocantins,Total,Federal,0.0,0.0,0.0,0.0,0.0,0.0,98.9,100.0,100.0,0.0
2024,Tocantins,Total,Estadual,0.0,0.0,0.0,93.5,61.9,94.7,97.5,88.9,96.3,100.0
2024,Tocantins,Total,Municipal,83.9,84.9,83.0,90.4,90.7,90.0,0.0,0.0,76.5,100.0
2024,Tocantins,Total,Privada,77.9,76.2,78.2,86.3,81.4,92.1,94.3,85.2,94.9,72.1
2024,Tocantins,Total,Pública,83.9,84.9,83.0,91.8,89.3,93.2,97.6,99.0,91.7,100.0
2024,Tocantins,Urbana,Total,85.2,84.6,85.4,94.4,90.3,97.6,98.8,88.8,97.0,73.6
2024,Tocantins,Urbana,Federal,0.0,0.0,0.0,0.0,0.0,0.0,98.9,100.0,100.0,0.0
2024,Tocantins,Urbana,Estadual,0.0,0.0,0.0,99.2,100.0,99.2,99.3,100.0,99.4,100.0
2024,Tocantins,Urbana,Municipal,86.4,85.8,86.8,92.8,92.0,95.3,0.0,0.0,87.8,100.0
2024,Tocantins,Urbana,Privada,77.9,76.2,78.1,86.1,80.8,92.3,94.2,84.2,94.9,72.6
2024,Tocantins,Urbana,Pública,86.4,85.8,86.8,95.7,92.1,98.2,99.3,100.0,97.1,100.0
2024,Tocantins,Rural,Total,65.4,67.6,65.7,78.0,74.7,79.4,88.9,96.8,68.5,60.0
2024,Tocantins,Rural,Federal,0.0,0.0,0.0,0.0,0.0,0.0,99.0,100.0,0.0,0.0
2024,Tocantins,Rural,Estadual,0.0,0.0,0.0,70.4,37.3,74.7,87.6,87.5,79.4,0.0
2024,Tocantins,Rural,Municipal,65.3,67.6,65.6,82.7,82.5,83.4,0.0,0.0,52.0,0.0
2024,Tocantins,Rural,Privada,100.0,0.0,100.0,92.5,100.0,88.2,100.0,100.0,0.0,60.0
2024,Tocantins,Rural,Pública,65.3,67.6,65.6,77.7,73.9,79.3,88.7,94.1,68.5,0.0
2024,Maranhão,Total,Total,54.4,52.7,56.3,71.4,69.3,73.2,92.7,88.4,66.7,84.8
2024,Maranhão,Total,Federal,0.0,0.0,0.0,96.9,95.7,97.9,98.2,97.9,97.9,0.0
2024,Maranhão,Total,Estadual,89.5,88.6,100.0,61.5,38.8,64.7,93.6,64.5,92.8,96.0
2024,Maranhão,Total,Municipal,54.1,52.4,55.8,71.7,70.2,72.9,71.0,59.6,50.8,90.4
2024,Maranhão,Total,Privada,55.5,53.1,58.3,71.4,65.9,78.2,86.6,90.5,85.2,73.6
2024,Maranhão,Total,Pública,54.2,52.6,55.8,71.5,70.0,72.6,93.6,86.4,66.3,91.6
2024,Maranhão,Urbana,Total,60.7,56.6,64.8,80.5,74.7,85.9,93.9,88.1,82.0,85.3
2024,Maranhão,Urbana,Federal,0.0,0.0,0.0,96.9,95.7,97.9,98.2,97.4,98.0,0.0
2024,Maranhão,Urbana,Estadual,89.5,88.6,100.0,98.4,93.7,98.9,94.9,64.5,95.3,96.0
2024,Maranhão,Urbana,Municipal,62.4,57.6,67.2,82.4,77.3,87.3,81.4,51.9,68.5,92.0
2024,Maranhão,Urbana,Privada,55.2,53.1,57.9,71.7,66.2,78.4,86.9,90.4,86.0,73.6
2024,Maranhão,Urbana,Pública,62.5,57.8,67.2,82.8,77.4,87.7,95.1,85.4,81.8,92.9
2024,Maranhão,Rural,Total,44.4,43.7,45.2,59.8,59.3,60.5,87.9,91.0,45.1,71.4
2024,Maranhão,Rural,Federal,0.0,0.0,0.0,0.0,0.0,0.0,98.2,100.0,97.6,0.0
2024,Maranhão,Rural,Estadual,0.0,0.0,0.0,33.5,16.7,36.8,88.5,0.0,83.2,0.0
2024,Maranhão,Rural,Municipal,43.1,42.2,44.1,60.6,59.9,61.4,66.8,68.0,35.6,71.4
2024,Maranhão,Rural,Privada,56.8,53.0,60.2,64.6,60.9,74.4,84.7,100.0,73.3,0.0
2024,Maranhão,Rural,Pública,43.1,42.2,44.1,59.7,59.3,60.4,88.1,90.8,45.0,71.4
2024,Piauí,Total,Total,81.8,81.2,82.7,89.8,87.4,91.7,93.3,87.2,85.3,84.3
2024,Piauí,Total,Federal,0.0,0.0,0.0,0.0,0.0,0.0,99.3,99.4,99.3,0.0
2024,Piauí,Total,Estadual,0.0,0.0,0.0,95.7,94.1,95.8,92.5,72.8,91.5,0.0
2024,Piauí,Total,Municipal,83.3,82.3,84.3,90.4,89.1,91.6,0.0,0.0,75.5,94.1
2024,Piauí,Total,Privada,73.3,74.2,73.7,84.7,80.2,89.1,93.8,92.0,91.9,79.4
2024,Piauí,Total,Pública,83.3,82.3,84.3,90.9,89.1,92.2,93.1,85.8,85.3,94.1
2024,Piauí,Urbana,Total,83.9,83.3,85.1,91.7,89.0,93.9,93.3,87.1,90.4,84.3
2024,Piauí,Urbana,Federal,0.0,0.0,0.0,0.0,0.0,0.0,99.3,99.4,99.6,0.0
2024,Piauí,Urbana,Estadual,0.0,0.0,0.0,95.9,94.1,95.9,92.5,72.4,91.6,0.0
2024,Piauí,Urbana,Municipal,86.8,85.3,88.5,93.8,92.4,95.4,0.0,0.0,86.4,94.1
2024,Piauí,Urbana,Privada,73.3,74.2,73.7,84.6,80.2,89.1,93.8,92.0,91.9,79.4
2024,Piauí,Urbana,Pública,86.8,85.3,88.5,94.1,92.4,95.5,93.1,85.6,90.4,94.1
2024,Piauí,Rural,Total,77.0,74.8,78.0,85.2,83.8,87.2,93.3,89.3,68.1,0.0
2024,Piauí,Rural,Federal,0.0,0.0,0.0,0.0,0.0,0.0,99.0,100.0,97.1,0.0
2024,Piauí,Rural,Estadual,0.0,0.0,0.0,89.8,0.0,89.8,92.6,79.3,90.0,0.0
2024,Piauí,Rural,Municipal,77.0,74.8,78.0,85.2,83.8,87.1,0.0,0.0,63.7,0.0
2024,Piauí,Rural,Privada,0.0,0.0,0.0,94.4,0.0,94.4,94.7,0.0,0.0,0.0
2024,Piauí,Rural,Pública,77.0,74.8,78.0,85.2,83.8,87.2,93.3,89.3,68.1,0.0
2024,Ceará,Total,Total,81.0,79.7,82.8,88.2,86.3,89.7,94.0,90.1,77.5,92.4
2024,Ceará,Total,Federal,100.0,100.0,100.0,100.0,0.0,100.0,97.8,98.0,96.2,0.0
2024,Ceará,Total,Estadual,80.2,79.3,80.4,88.8,90.1,88.6,94.7,100.0,96.1,100.0
2024,Ceará,Total,Municipal,86.0,84.3,87.6,91.6,91.3,91.6,0.0,100.0,68.5,97.7
2024,Ceará,Total,Privada,62.9,63.1,63.0,75.9,70.0,82.8,90.0,84.9,93.0,80.9
2024,Ceará,Total,Pública,85.9,84.3,87.5,91.5,91.3,91.5,94.9,98.0,76.8,98.8
2024,Ceará,Urbana,Total,81.1,79.8,82.8,88.2,85.7,90.4,94.1,90.0,86.3,92.4
2024,Ceará,Urbana,Federal,100.0,100.0,100.0,100.0,0.0,100.0,97.6,98.0,96.2,0.0
2024,Ceará,Urbana,Estadual,82.5,80.0,84.8,92.3,89.9,92.2,95.0,100.0,97.1,100.0
2024,Ceará,Urbana,Municipal,88.3,86.5,89.9,93.1,92.8,93.3,0.0,100.0,78.9,97.7
2024,Ceará,Urbana,Privada,62.8,63.0,62.9,75.9,70.1,82.8,90.0,85.0,93.0,80.9
2024,Ceará,Urbana,Pública,88.3,86.4,89.8,93.1,92.7,93.3,95.1,98.1,85.9,98.8
2024,Ceará,Rural,Total,80.8,79.1,82.9,88.1,88.1,88.2,92.4,93.9,52.9,0.0
2024,Ceará,Rural,Federal,0.0,0.0,0.0,0.0,0.0,0.0,100.0,96.2,0.0,0.0
2024,Ceará,Rural,Estadual,79.2,79.0,78.4,83.5,90.3,82.2,92.0,100.0,85.3,0.0
2024,Ceará,Rural,Municipal,80.9,79.2,83.0,88.4,88.2,88.4,0.0,0.0,49.6,0.0
2024,Ceará,Rural,Privada,67.8,67.9,70.3,67.1,58.9,80.0,96.0,66.7,0.0,0.0
2024,Ceará,Rural,Pública,80.8,79.2,83.0,88.2,88.3,88.2,92.4,96.7,52.9,0.0
2024,Rio Grande do Norte,Total,Total,81.6,80.5,82.1,90.9,87.7,93.3,98.2,91.0,94.0,66.7
2024,Rio Grande do Norte,Total,Federal,100.0,100.0,100.0,100.0,100.0,0.0,100.0,99.8,100.0,0.0
2024,Rio Grande do Norte,Total,Estadual,0.0,0.0,0.0,99.7,99.6,99.8,99.8,100.0,99.5,0.0
2024,Rio Grande do Norte,Total,Municipal,87.9,87.4,88.4,93.2,92.5,93.9,0.0,33.3,87.8,100.0
2024,Rio Grande do Norte,Total,Privada,64.6,62.5,67.3,80.2,74.7,86.1,93.2,78.0,84.3,50.0
2024,Rio Grande do Norte,Total,Pública,88.0,87.5,88.4,94.9,93.7,95.8,99.8,99.5,94.1,100.0
2024,Rio Grande do Norte,Urbana,Total,81.3,80.3,82.0,91.4,87.8,94.1,98.2,90.3,97.0,66.7
2024,Rio Grande do Norte,Urbana,Federal,100.0,100.0,100.0,100.0,100.0,0.0,100.0,99.8,100.0,0.0
2024,Rio Grande do Norte,Urbana,Estadual,0.0,0.0,0.0,99.8,99.7,99.9,99.8,100.0,99.6,0.0
2024,Rio Grande do Norte,Urbana,Municipal,89.6,88.4,90.8,95.3,94.5,96.1,0.0,33.3,93.6,100.0
2024,Rio Grande do Norte,Urbana,Privada,64.9,62.7,67.8,80.4,74.9,86.2,93.2,78.0,84.3,50.0
2024,Rio Grande do Norte,Urbana,Pública,89.6,88.5,90.8,96.7,95.6,97.7,99.8,99.5,97.2,100.0
2024,Rio Grande do Norte,Rural,Total,82.5,82.0,82.5,88.9,87.0,90.4,99.8,100.0,77.8,0.0
2024,Rio Grande do Norte,Rural,Federal,0.0,0.0,0.0,0.0,0.0,0.0,100.0,100.0,100.0,0.0
2024,Rio Grande do Norte,Rural,Estadual,0.0,0.0,0.0,99.0,98.9,99.0,99.7,0.0,98.2,0.0
2024,Rio Grande do Norte,Rural,Municipal,83.4,83.0,83.5,88.5,87.2,89.5,0.0,0.0,72.3,0.0
2024,Rio Grande do Norte,Rural,Privada,44.2,50.0,39.3,64.9,61.3,76.3,100.0,0.0,0.0,0.0
2024,Rio Grande do Norte,Rural,Pública,83.4,83.0,83.5,89.4,87.8,90.6,99.8,100.0,77.8,0.0
2024,Paraíba,Total,Total,70.9,71.6,70.1,85.5,78.9,90.6,97.4,92.1,87.2,83.5
2024,Paraíba,Total,Federal,100.0,100.0,100.0,100.0,100.0,0.0,99.3,99.0,100.0,0.0
2024,Paraíba,Total,Estadual,100.0,100.0,100.0,98.8,96.7,99.0,98.8,100.0,98.9,100.0
2024,Paraíba,Total,Municipal,77.9,77.6,78.2,88.3,85.6,90.6,81.8,0.0,75.0,73.3
2024,Paraíba,Total,Privada,50.5,49.9,51.5,72.1,62.6,83.3,91.9,76.0,85.7,64.9
2024,Paraíba,Total,Pública,78.0,77.7,78.3,90.0,86.1,92.7,98.8,99.1,87.2,93.9
2024,Paraíba,Urbana,Total,70.4,71.7,68.8,85.9,78.3,91.8,97.4,91.4,92.3,83.3
2024,Paraíba,Urbana,Federal,100.0,100.0,100.0,100.0,100.0,0.0,99.3,98.9,100.0,0.0
2024,Paraíba,Urbana,Estadual,100.0,100.0,100.0,99.2,97.4,99.4,98.9,100.0,99.2,100.0
2024,Paraíba,Urbana,Municipal,79.4,78.9,80.0,90.3,87.1,93.3,100.0,0.0,83.2,73.3
2024,Paraíba,Urbana,Privada,50.5,50.0,51.6,72.1,62.6,83.3,91.9,76.0,85.7,64.9
2024,Paraíba,Urbana,Pública,79.5,79.0,80.1,92.0,87.6,95.0,98.9,98.9,92.4,93.8
2024,Paraíba,Rural,Total,73.1,70.6,74.5,83.8,81.5,85.3,97.3,100.0,67.8,100.0
2024,Paraíba,Rural,Federal,0.0,0.0,0.0,0.0,0.0,0.0,100.0,100.0,100.0,0.0
2024,Paraíba,Rural,Estadual,100.0,100.0,100.0,96.3,94.3,96.7,97.7,100.0,97.2,100.0
2024,Paraíba,Rural,Municipal,73.1,70.5,74.5,82.8,81.2,83.7,55.6,0.0,57.1,0.0
2024,Paraíba,Rural,Privada,38.5,25.0,40.0,59.0,47.4,69.2,0.0,0.0,0.0,0.0
2024,Paraíba,Rural,Pública,73.3,70.8,74.7,84.0,81.7,85.4,97.3,100.0,67.8,100.0
2024,Pernambuco,Total,Total,67.6,66.0,68.3,82.2,75.2,88.6,96.5,94.0,90.8,90.5
2024,Pernambuco,Total,Federal,0.0,0.0,0.0,100.0,0.0,100.0,99.5,99.6,100.0,0.0
2024,Pernambuco,Total,Estadual,17.8,13.1,21.4,86.5,28.3,90.5,97.9,98.3,95.3,97.2
2024,Pernambuco,Total,Municipal,78.5,75.3,80.7,87.9,85.4,90.5,90.5,0.0,84.8,92.5
2024,Pernambuco,Total,Privada,51.2,54.7,49.2,70.1,60.7,83.3,91.4,88.2,87.4,81.1
2024,Pernambuco,Total,Pública,76.9,73.3,79.3,87.7,84.0,90.5,98.0,99.1,90.8,94.4
2024,Pernambuco,Urbana,Total,67.7,66.6,68.0,83.4,75.4,91.1,97.9,93.8,95.3,90.7
2024,Pernambuco,Urbana,Federal,0.0,0.0,0.0,100.0,0.0,100.0,99.7,99.7,100.0,0.0
2024,Pernambuco,Urbana,Estadual,78.3,63.6,91.7,99.8,100.0,99.8,99.8,98.3,99.5,100.0
2024,Pernambuco,Urbana,Municipal,80.8,77.1,83.9,90.2,87.5,93.3,0.0,0.0,89.7,92.5
2024,Pernambuco,Urbana,Privada,50.5,53.2,49.2,70.2,60.8,83.4,91.6,88.4,87.4,81.1
2024,Pernambuco,Urbana,Pública,80.8,77.1,83.9,91.6,87.5,95.1,99.8,99.0,95.4,95.1
2024,Pernambuco,Rural,Total,67.2,62.6,69.4,77.7,74.7,79.7,83.1,96.5,76.7,87.5
2024,Pernambuco,Rural,Federal,0.0,0.0,0.0,0.0,0.0,0.0,99.0,99.4,100.0,0.0
2024,Pernambuco,Rural,Estadual,13.7,9.7,16.8,48.6,24.6,55.6,80.4,100.0,81.1,87.5
2024,Pernambuco,Rural,Municipal,71.9,67.4,73.8,82.4,79.9,84.8,90.5,0.0,71.0,0.0
2024,Pernambuco,Rural,Privada,74.1,80.7,48.3,61.0,53.5,74.6,71.4,76.9,0.0,0.0
2024,Pernambuco,Rural,Pública,66.8,59.5,69.9,78.0,75.4,79.8,83.4,99.4,76.7,87.5
2024,Alagoas,Total,Total,70.5,68.8,71.7,82.4,77.9,86.1,94.2,90.8,69.5,25.0
2024,Alagoas,Total,Federal,0.0,0.0,0.0,0.0,0.0,0.0,99.2,99.5,99.2,0.0
2024,Alagoas,Total,Estadual,85.7,87.5,85.2,97.1,93.1,98.1,98.7,50.0,97.7,0.0
2024,Alagoas,Total,Municipal,76.0,73.0,78.8,85.6,84.1,87.2,0.0,43.2,60.5,50.0
2024,Alagoas,Total,Privada,45.8,45.9,47.2,67.2,59.4,75.2,79.9,95.2,90.8,0.0
2024,Alagoas,Total,Pública,76.1,73.0,78.9,87.2,84.6,89.4,98.7,83.8,69.2,50.0
2024,Alagoas,Urbana,Total,70.2,69.2,70.8,83.0,77.6,87.2,94.1,93.5,82.4,25.0
2024,Alagoas,Urbana,Federal,0.0,0.0,0.0,0.0,0.0,0.0,99.2,99.5,99.2,0.0
2024,Alagoas,Urbana,Estadual,100.0,100.0,100.0,98.0,95.0,98.8,98.8,50.0,98.2,0.0
2024,Alagoas,Urbana,Municipal,78.4,75.1,82.3,88.5,87.0,90.1,0.0,54.9,73.0,50.0
2024,Alagoas,Urbana,Privada,46.0,46.2,47.4,67.2,59.4,75.2,79.8,95.2,90.8,0.0
2024,Alagoas,Urbana,Pública,78.5,75.1,82.3,90.3,87.6,92.6,98.9,90.6,82.3,50.0
2024,Alagoas,Rural,Total,71.3,67.7,73.4,80.6,78.6,82.3,97.0,23.3,51.5,0.0
2024,Alagoas,Rural,Estadual,81.5,75.0,82.6,85.3,83.1,87.5,97.1,0.0,93.0,0.0
2024,Alagoas,Rural,Municipal,71.6,68.0,73.7,80.5,78.6,82.1,0.0,23.3,49.3,0.0
2024,Alagoas,Rural,Privada,30.8,22.2,36.4,72.0,61.8,75.0,87.5,0.0,0.0,0.0
2024,Alagoas,Rural,Pública,71.7,68.1,73.9,80.7,78.8,82.3,97.1,23.3,51.5,0.0
2024,Sergipe,Total,Total,80.8,78.7,82.0,93.2,89.4,96.5,98.9,97.4,96.6,98.1
2024,Sergipe,Total,Federal,0.0,0.0,0.0,100.0,0.0,100.0,99.5,100.0,100.0,0.0
2024,Sergipe,Total,Estadual,0.0,0.0,0.0,99.4,99.0,99.5,99.8,99.5,99.6,100.0
2024,Sergipe,Total,Municipal,84.2,81.2,86.0,93.6,91.5,95.9,0.0,0.0,93.9,100.0
2024,Sergipe,Total,Privada,72.5,72.5,73.6,88.0,83.1,94.2,96.4,92.6,94.1,94.1
2024,Sergipe,Total,Pública,84.2,81.2,86.0,95.2,92.6,97.2,99.8,99.8,96.6,100.0
2024,Sergipe,Urbana,Total,81.0,79.3,82.3,93.6,89.5,97.1,98.9,97.1,98.3,98.1
2024,Sergipe,Urbana,Federal,0.0,0.0,0.0,100.0,0.0,100.0,99.6,100.0,100.0,0.0
2024,Sergipe,Urbana,Estadual,0.0,0.0,0.0,99.4,99.2,99.4,99.8,100.0,99.6,100.0
2024,Sergipe,Urbana,Municipal,86.5,83.0,89.3,95.1,93.1,97.5,0.0,0.0,96.6,100.0
2024,Sergipe,Urbana,Privada,72.5,72.5,73.6,88.0,83.0,94.2,96.4,92.6,94.1,94.1
2024,Sergipe,Urbana,Pública,86.5,83.0,89.3,96.7,94.4,98.5,99.8,100.0,98.3,100.0
2024,Sergipe,Rural,Total,80.0,76.6,81.5,91.9,89.1,94.5,99.6,99.0,91.8,0.0
2024,Sergipe,Rural,Federal,0.0,0.0,0.0,0.0,0.0,0.0,99.3,100.0,0.0,0.0
2024,Sergipe,Rural,Estadual,0.0,0.0,0.0,99.1,94.3,100.0,99.7,97.4,99.5,0.0
2024,Sergipe,Rural,Municipal,80.3,76.8,81.7,91.6,89.1,94.0,0.0,0.0,89.8,0.0
2024,Sergipe,Rural,Privada,71.1,71.4,75.0,87.5,86.6,94.4,0.0,0.0,0.0,0.0
2024,Sergipe,Rural,Pública,80.3,76.8,81.7,92.0,89.2,94.5,99.6,99.0,91.8,0.0
2024,Bahia,Total,Total,72.1,70.4,73.4,81.9,77.1,85.8,90.2,83.3,73.5,75.6
2024,Bahia,Total,Federal,0.0,0.0,0.0,100.0,0.0,100.0,96.6,96.4,97.1,0.0
2024,Bahia,Total,Estadual,14.2,17.3,15.0,88.6,27.6,90.7,91.3,83.8,91.0,90.9
2024,Bahia,Total,Municipal,78.0,75.6,80.3,85.9,83.8,87.8,62.9,44.4,60.2,71.0
2024,Bahia,Total,Privada,54.3,54.1,55.7,67.6,60.1,76.6,85.6,74.8,94.0,77.2
2024,Bahia,Total,Pública,77.7,75.4,80.0,86.1,83.5,88.2,91.5,87.2,73.4,73.8
2024,Bahia,Urbana,Total,72.8,71.5,73.7,83.7,78.1,88.3,90.9,83.2,84.4,75.1
2024,Bahia,Urbana,Federal,0.0,0.0,0.0,100.0,0.0,100.0,96.9,96.5,97.6,0.0
2024,Bahia,Urbana,Estadual,0.0,0.0,0.0,93.4,100.0,93.4,92.0,84.1,92.5,90.9
2024,Bahia,Urbana,Municipal,81.6,78.7,84.9,90.7,88.8,92.8,67.4,40.0,74.1,70.1
2024,Bahia,Urbana,Privada,54.3,54.0,55.7,67.7,60.2,76.8,86.1,75.1,93.9,76.9
2024,Bahia,Urbana,Pública,81.6,78.7,84.9,91.0,88.8,92.9,92.3,87.2,84.4,73.1
2024,Bahia,Rural,Total,70.3,66.8,72.8,77.7,74.4,80.5,82.5,84.6,50.0,100.0
2024,Bahia,Rural,Federal,0.0,0.0,0.0,0.0,0.0,0.0,94.1,95.7,95.5,0.0
2024,Bahia,Rural,Estadual,14.2,17.3,15.0,42.6,23.6,52.6,83.5,78.8,79.1,0.0
2024,Bahia,Rural,Municipal,71.3,67.6,73.9,78.5,75.4,81.3,59.5,50.0,44.8,100.0
2024,Bahia,Rural,Privada,52.8,56.5,54.3,64.6,58.1,68.0,77.7,56.0,100.0,100.0
2024,Bahia,Rural,Pública,70.6,67.0,73.1,77.9,74.7,80.8,83.4,87.4,50.0,100.0
2024,Minas Gerais,Total,Total,84.8,79.7,90.1,96.1,95.3,96.8,96.5,90.9,96.0,95.5
2024,Minas Gerais,Total,Federal,100.0,100.0,100.0,99.6,100.0,99.4,99.8,99.8,100.0,100.0
2024,Minas Gerais,Total,Estadual,16.8,0.0,16.8,96.8,98.0,96.5,96.2,89.2,95.7,97.0
2024,Minas Gerais,Total,Municipal,90.0,85.8,93.7,96.9,96.4,97.8,99.5,95.6,98.0,96.1
2024,Minas Gerais,Total,Privada,70.0,66.7,77.6,92.6,89.1,96.2,97.2,89.7,95.3,95.2
2024,Minas Gerais,Total,Pública,89.9,85.8,93.5,96.9,96.7,97.0,96.4,92.6,96.0,96.8
2024,Minas Gerais,Urbana,Total,84.4,79.5,90.1,96.6,95.6,97.6,96.8,90.7,96.7,95.5
2024,Minas Gerais,Urbana,Federal,100.0,100.0,100.0,99.6,100.0,99.4,99.8,99.7,100.0,100.0
2024,Minas Gerais,Urbana,Estadual,66.7,0.0,66.7,97.8,98.9,97.6,96.5,89.3,96.5,97.0
2024,Minas Gerais,Urbana,Municipal,89.8,85.7,93.8,97.4,96.8,98.9,99.7,95.4,98.0,96.6
2024,Minas Gerais,Urbana,Privada,69.9,66.6,77.6,92.6,89.1,96.2,97.4,89.7,97.2,95.1
2024,Minas Gerais,Urbana,Pública,89.8,85.7,93.9,97.6,97.3,98.0,96.7,92.2,96.7,96.9
2024,Minas Gerais,Rural,Total,90.0,87.1,90.7,91.7,92.8,91.1,90.9,97.8,79.9,92.0
2024,Minas Gerais,Rural,Federal,0.0,0.0,0.0,0.0,0.0,0.0,99.9,100.0,0.0,0.0
2024,Minas Gerais,Rural,Estadual,15.2,0.0,15.2,82.9,85.6,82.0,88.6,84.1,77.3,0.0
2024,Minas Gerais,Rural,Municipal,91.6,87.5,92.6,94.2,93.7,95.0,97.1,100.0,97.0,0.0
2024,Minas Gerais,Rural,Privada,76.7,73.9,79.2,87.9,89.7,88.4,84.6,100.0,89.7,95.8
2024,Minas Gerais,Rural,Pública,90.1,87.5,90.7,91.7,92.8,91.1,91.2,97.7,79.3,0.0
2024,Espírito Santo,Total,Total,97.3,97.5,97.4,97.6,97.4,97.7,98.1,95.4,97.4,60.0
2024,Espírito Santo,Total,Federal,100.0,100.0,100.0,0.0,0.0,0.0,99.7,99.7,100.0,0.0
2024,Espírito Santo,Total,Estadual,0.0,0.0,0.0,98.1,98.1,97.9,98.0,98.5,96.9,0.0
2024,Espírito Santo,Total,Municipal,98.2,98.5,98.2,98.0,98.0,97.8,0.0,0.0,99.1,0.0
2024,Espírito Santo,Total,Privada,89.3,88.6,90.7,95.1,93.6,97.0,98.0,92.5,100.0,60.0
2024,Espírito Santo,Total,Pública,98.2,98.5,98.2,98.0,98.0,97.8,98.2,99.4,97.4,0.0
2024,Espírito Santo,Urbana,Total,97.4,97.5,97.5,98.0,97.7,98.4,98.2,95.1,98.3,60.0
2024,Espírito Santo,Urbana,Federal,100.0,100.0,100.0,0.0,0.0,0.0,99.6,99.7,100.0,0.0
2024,Espírito Santo,Urbana,Estadual,0.0,0.0,0.0,98.5,98.9,98.4,98.0,98.5,98.1,0.0
2024,Espírito Santo,Urbana,Municipal,98.4,98.5,98.5,98.5,98.4,98.7,0.0,0.0,99.0,0.0
2024,Espírito Santo,Urbana,Privada,89.4,88.7,90.7,95.1,93.6,97.1,98.1,92.4,100.0,60.0
2024,Espírito Santo,Urbana,Pública,98.4,98.5,98.5,98.5,98.4,98.6,98.2,99.4,98.3,0.0
2024,Espírito Santo,Rural,Total,96.9,97.3,96.8,95.2,95.1,95.1,97.8,100.0,89.3,0.0
2024,Espírito Santo,Rural,Federal,0.0,0.0,0.0,0.0,0.0,0.0,100.0,100.0,0.0,0.0
2024,Espírito Santo,Rural,Estadual,0.0,0.0,0.0,94.0,94.0,93.6,96.9,0.0,86.6,0.0
2024,Espírito Santo,Rural,Municipal,97.0,97.6,96.8,95.4,95.2,95.3,0.0,0.0,100.0,0.0
2024,Espírito Santo,Rural,Privada,83.3,83.3,0.0,94.9,0.0,94.9,97.0,100.0,0.0,0.0
2024,Espírito Santo,Rural,Pública,97.0,97.6,96.8,95.2,95.1,95.1,98.0,100.0,89.3,0.0
2024,Rio de Janeiro,Total,Total,54.4,51.6,58.4,79.7,64.6,93.5,96.9,85.0,97.0,83.2
2024,Rio de Janeiro,Total,Federal,67.9,62.2,77.3,97.0,95.0,98.1,99.3,98.0,99.2,84.9
2024,Rio de Janeiro,Total,Estadual,83.3,91.7,77.3,99.6,85.2,99.7,99.6,94.2,99.5,88.6
2024,Rio de Janeiro,Total,Municipal,67.1,63.6,70.2,84.8,75.1,96.6,100.0,93.5,94.8,87.7
2024,Rio de Janeiro,Total,Privada,34.2,34.8,39.7,67.7,49.5,87.2,91.5,79.2,88.4,55.9
2024,Rio de Janeiro,Total,Pública,67.1,63.6,70.2,87.2,75.3,97.4,99.6,96.0,97.6,87.4
2024,Rio de Janeiro,Urbana,Total,54.1,51.3,58.0,79.7,64.6,93.6,96.8,84.7,97.1,83.4
2024,Rio de Janeiro,Urbana,Federal,67.9,62.2,77.3,97.0,95.0,98.1,99.3,97.9,99.2,84.9
2024,Rio de Janeiro,Urbana,Estadual,83.3,91.7,77.3,99.6,90.7,99.7,99.6,94.2,99.5,88.6
2024,Rio de Janeiro,Urbana,Municipal,67.8,64.2,71.2,85.7,76.1,97.3,100.0,93.5,95.0,87.9
2024,Rio de Janeiro,Urbana,Privada,34.2,34.9,39.7,67.7,49.4,87.2,91.5,79.2,88.4,55.9
2024,Rio de Janeiro,Urbana,Pública,67.9,64.2,71.2,88.0,76.4,98.0,99.6,95.9,97.7,87.5
2024,Rio de Janeiro,Rural,Total,59.3,56.6,61.9,78.6,64.6,92.0,99.1,97.3,95.8,55.6
2024,Rio de Janeiro,Rural,Federal,0.0,0.0,0.0,0.0,0.0,0.0,100.0,98.9,0.0,0.0
2024,Rio de Janeiro,Rural,Estadual,0.0,0.0,0.0,98.7,0.0,99.7,99.6,92.9,99.7,0.0
2024,Rio de Janeiro,Rural,Municipal,60.9,58.3,63.1,77.4,65.8,90.7,0.0,0.0,91.4,55.6
2024,Rio de Janeiro,Rural,Privada,34.5,33.3,42.1,67.9,51.5,88.8,92.6,90.0,0.0,0.0
2024,Rio de Janeiro,Rural,Pública,60.9,58.3,63.1,79.4,65.7,92.2,99.6,98.0,95.8,55.6
2024,São Paulo,Total,Total,93.4,91.8,95.9,97.0,96.9,97.1,96.7,96.3,97.4,95.1
2024,São Paulo,Total,Federal,94.8,94.4,96.3,97.9,100.0,97.1,99.6,99.7,99.5,0.0
2024,São Paulo,Total,Estadual,84.4,97.9,60.0,96.6,96.4,96.7,96.3,99.6,96.6,100.0
2024,São Paulo,Total,Municipal,94.6,92.6,96.9,97.6,97.5,98.3,98.4,94.7,98.6,95.8
2024,São Paulo,Total,Privada,91.5,90.8,93.6,96.6,96.1,96.9,97.7,91.9,97.8,95.0
2024,São Paulo,Total,Pública,94.5,92.6,96.9,97.2,97.2,97.1,96.3,99.3,97.4,95.8
2024,São Paulo,Urbana,Total,93.4,91.8,95.9,97.0,97.0,97.2,96.7,96.2,97.8,95.1
2024,São Paulo,Urbana,Federal,95.6,92.6,100.0,97.9,100.0,97.1,99.6,99.7,99.5,0.0
2024,São Paulo,Urbana,Estadual,94.0,98.5,80.9,96.7,96.5,96.8,96.3,99.6,97.2,100.0
2024,São Paulo,Urbana,Municipal,94.5,92.6,96.9,97.6,97.5,98.4,98.3,94.7,98.6,95.8
2024,São Paulo,Urbana,Privada,91.6,90.9,93.6,96.6,96.1,97.0,97.7,92.0,97.8,95.0
2024,São Paulo,Urbana,Pública,94.5,92.6,96.9,97.2,97.3,97.2,96.3,99.2,97.8,95.8
2024,São Paulo,Rural,Total,93.4,88.5,95.8,95.4,96.2,94.6,96.0,99.5,92.0,97.9
2024,São Paulo,Rural,Federal,92.3,100.0,75.0,0.0,0.0,0.0,0.0,0.0,0.0,0.0
2024,São Paulo,Rural,Estadual,41.5,87.5,30.3,92.4,91.6,92.3,96.1,100.0,91.8,0.0
2024,São Paulo,Rural,Municipal,95.7,92.0,97.4,97.1,96.9,97.4,100.0,100.0,100.0,100.0
2024,São Paulo,Rural,Privada,79.9,72.5,92.4,94.8,93.8,94.9,94.1,70.0,0.0,97.6
2024,São Paulo,Rural,Pública,94.8,92.0,96.0,95.4,96.4,94.5,96.2,100.0,92.0,100.0
2024,Paraná,Total,Total,88.0,85.8,90.5,95.7,94.6,96.6,97.1,97.2,97.9,98.7
2024,Paraná,Total,Federal,0.0,0.0,0.0,100.0,0.0,100.0,99.5,99.5,100.0,0.0
2024,Paraná,Total,Estadual,31.4,0.0,31.4,96.5,53.1,96.8,96.9,99.3,97.7,99.1
2024,Paraná,Total,Municipal,91.5,89.7,93.2,96.2,96.2,93.3,0.0,0.0,98.8,97.3
2024,Paraná,Total,Privada,73.9,71.7,78.7,92.0,88.9,96.1,97.9,95.5,99.5,99.4
2024,Paraná,Total,Pública,91.3,89.7,92.9,96.4,95.8,96.7,97.0,99.3,97.9,97.4
2024,Paraná,Urbana,Total,88.1,85.7,90.8,96.1,95.1,96.9,97.3,97.2,97.9,98.8
2024,Paraná,Urbana,Federal,0.0,0.0,0.0,100.0,0.0,100.0,99.4,99.5,100.0,0.0
2024,Paraná,Urbana,Estadual,66.7,0.0,66.7,97.1,85.5,97.1,97.1,99.2,97.7,99.1
2024,Paraná,Urbana,Municipal,91.5,89.7,93.4,96.6,96.6,97.9,0.0,0.0,99.0,97.4
2024,Paraná,Urbana,Privada,73.9,71.7,78.7,92.0,88.9,96.1,97.9,95.5,99.5,99.4
2024,Paraná,Urbana,Pública,91.5,89.7,93.4,96.8,96.5,97.1,97.2,99.3,97.9,97.4
2024,Paraná,Rural,Total,87.3,89.8,87.1,92.0,88.2,93.7,94.9,100.0,92.3,97.7
2024,Paraná,Rural,Federal,0.0,0.0,0.0,0.0,0.0,0.0,100.0,100.0,0.0,0.0
2024,Paraná,Rural,Estadual,28.6,0.0,28.6,91.8,46.4,94.4,94.8,100.0,100.0,0.0
2024,Paraná,Rural,Municipal,90.6,90.6,90.6,92.3,92.3,91.3,0.0,0.0,83.3,94.7
2024,Paraná,Rural,Privada,69.6,40.0,77.8,86.7,83.3,92.0,96.8,100.0,0.0,100.0
2024,Paraná,Rural,Pública,87.5,90.6,87.2,92.0,88.3,93.7,94.8,100.0,92.3,94.7
2024,Santa Catarina,Total,Total,89.0,88.5,89.8,93.7,93.3,94.0,93.7,84.7,91.7,92.6
2024,Santa Catarina,Total,Federal,100.0,100.0,100.0,96.2,97.5,93.9,99.0,99.3,98.6,94.4
2024,Santa Catarina,Total,Estadual,100.0,100.0,100.0,94.4,96.4,93.4,93.3,74.3,88.8,100.0
2024,Santa Catarina,Total,Municipal,94.5,94.8,94.0,95.2,94.8,95.6,91.3,100.0,98.1,96.8
2024,Santa Catarina,Total,Privada,64.3,61.5,70.7,87.1,83.8,91.1,94.1,89.4,96.1,75.0
2024,Santa Catarina,Total,Pública,94.5,94.8,94.0,94.8,95.3,94.4,93.6,81.1,91.3,96.4
2024,Santa Catarina,Urbana,Total,89.0,88.4,89.8,94.1,93.7,94.7,94.0,84.5,92.7,92.6
2024,Santa Catarina,Urbana,Federal,100.0,100.0,100.0,96.2,97.5,93.9,98.9,99.3,98.5,94.4
2024,Santa Catarina,Urbana,Estadual,100.0,100.0,100.0,95.2,97.1,94.3,93.6,73.5,90.1,100.0
2024,Santa Catarina,Urbana,Municipal,95.0,95.0,94.7,95.9,95.6,96.6,100.0,100.0,98.2,96.8
2024,Santa Catarina,Urbana,Privada,64.3,61.4,70.9,87.1,83.8,91.1,94.1,89.4,96.1,75.0
2024,Santa Catarina,Urbana,Pública,95.0,95.1,94.8,95.6,96.0,95.3,94.0,80.6,92.3,96.4
2024,Santa Catarina,Rural,Total,89.6,89.4,89.4,90.0,90.8,88.6,88.6,94.3,67.3,0.0
2024,Santa Catarina,Rural,Federal,0.0,0.0,0.0,0.0,0.0,0.0,100.0,100.0,100.0,0.0
2024,Santa Catarina,Rural,Estadual,0.0,0.0,0.0,87.6,90.6,86.6,86.8,92.9,65.3,0.0
2024,Santa Catarina,Rural,Municipal,90.4,90.9,89.9,91.1,91.0,90.3,86.7,0.0,90.0,0.0
2024,Santa Catarina,Rural,Privada,60.4,65.4,46.2,87.5,82.9,92.9,100.0,0.0,100.0,0.0
2024,Santa Catarina,Rural,Pública,90.4,90.9,89.9,90.0,90.9,88.6,88.3,94.3,67.1,0.0
2024,Rio Grande do Sul,Total,Total,75.4,70.3,81.8,94.1,91.8,96.2,96.6,96.3,97.4,85.9
2024,Rio Grande do Sul,Total,Federal,100.0,100.0,100.0,97.9,90.9,99.2,99.4,99.1,99.7,0.0
2024,Rio Grande do Sul,Total,Estadual,30.8,55.6,28.8,94.2,92.3,95.3,96.5,95.3,96.9,96.4
2024,Rio Grande do Sul,Total,Municipal,89.0,86.8,91.1,95.2,93.2,97.8,98.0,100.0,98.2,96.8
2024,Rio Grande do Sul,Total,Privada,46.1,41.5,55.8,89.3,85.3,93.0,95.9,95.7,96.3,80.7
2024,Rio Grande do Sul,Total,Pública,88.8,86.8,90.7,94.8,93.0,96.7,96.8,96.7,97.5,96.6
2024,Rio Grande do Sul,Urbana,Total,74.6,70.2,81.0,94.2,91.8,96.6,96.7,96.3,97.8,86.0
2024,Rio Grande do Sul,Urbana,Federal,100.0,100.0,100.0,97.9,90.9,99.2,99.3,99.2,100.0,0.0
2024,Rio Grande do Sul,Urbana,Estadual,50.0,55.6,48.3,94.7,92.8,96.0,96.6,95.4,97.6,96.9
2024,Rio Grande do Sul,Urbana,Municipal,89.1,87.0,91.3,95.4,93.3,98.3,97.9,100.0,98.3,97.0
2024,Rio Grande do Sul,Urbana,Privada,46.1,41.4,55.8,89.4,85.4,93.1,95.9,95.7,96.3,80.7
2024,Rio Grande do Sul,Urbana,Pública,89.0,87.0,91.2,95.1,93.2,97.2,96.8,96.8,97.9,96.9
2024,Rio Grande do Sul,Rural,Total,86.2,78.4,87.5,93.3,91.7,94.5,95.8,96.2,91.3,72.7
2024,Rio Grande do Sul,Rural,Federal,0.0,0.0,0.0,0.0,0.0,0.0,99.8,99.0,98.4,0.0
2024,Rio Grande do Sul,Rural,Estadual,22.0,0.0,22.0,90.3,86.2,91.3,94.3,93.1,87.0,50.0
2024,Rio Grande do Sul,Rural,Municipal,88.5,79.9,89.8,94.5,92.7,96.3,98.2,100.0,96.4,83.3
2024,Rio Grande do Sul,Rural,Privada,51.4,54.2,61.1,65.5,64.7,61.8,93.5,90.9,0.0,66.7
2024,Rio Grande do Sul,Rural,Pública,86.7,79.9,87.7,93.4,91.9,94.6,95.9,96.4,91.3,75.0
2024,Mato Grosso do Sul,Total,Total,94.4,93.9,94.8,96.9,95.7,97.9,98.6,92.4,97.5,95.0
2024,Mato Grosso do Sul,Total,Federal,0.0,0.0,0.0,100.0,0.0,100.0,100.0,100.0,100.0,0.0
2024,Mato Grosso do Sul,Total,Estadual,94.3,91.0,100.0,98.9,97.7,99.0,98.6,96.7,96.4,100.0
2024,Mato Grosso do Sul,Total,Municipal,96.8,97.3,96.4,96.8,96.5,96.8,100.0,0.0,98.7,0.0
2024,Mato Grosso do Sul,Total,Privada,80.8,78.1,85.0,93.3,90.6,96.7,97.9,90.9,97.3,95.1
2024,Mato Grosso do Sul,Total,Pública,96.8,97.2,96.4,97.5,96.6,98.1,98.7,98.3,97.5,50.0
2024,Mato Grosso do Sul,Urbana,Total,95.1,93.9,96.1,98.0,97.2,98.8,98.9,92.1,98.7,95.0
2024,Mato Grosso do Sul,Urbana,Federal,0.0,0.0,0.0,100.0,0.0,100.0,100.0,100.0,100.0,0.0
2024,Mato Grosso do Sul,Urbana,Estadual,94.3,91.0,100.0,99.0,97.5,99.2,99.0,96.2,97.7,100.0
2024,Mato Grosso do Sul,Urbana,Municipal,97.9,97.4,98.3,98.8,98.6,99.1,0.0,0.0,99.8,0.0
2024,Mato Grosso do Sul,Urbana,Privada,80.8,78.1,85.0,93.3,90.6,96.7,98.0,90.8,97.3,95.1
2024,Mato Grosso do Sul,Urbana,Pública,97.8,97.3,98.3,98.9,98.5,99.1,99.1,98.0,98.7,50.0
2024,Mato Grosso do Sul,Rural,Total,84.6,92.2,83.9,89.3,86.2,92.5,95.5,96.9,89.8,0.0
2024,Mato Grosso do Sul,Rural,Federal,0.0,0.0,0.0,0.0,0.0,0.0,100.0,100.0,0.0,0.0
2024,Mato Grosso do Sul,Rural,Estadual,0.0,0.0,0.0,97.6,98.4,97.5,94.9,100.0,90.4,0.0
2024,Mato Grosso do Sul,Rural,Municipal,84.6,92.8,83.8,87.2,84.4,90.7,100.0,0.0,87.8,0.0
2024,Mato Grosso do Sul,Rural,Privada,87.5,83.3,100.0,97.1,95.0,100.0,94.4,93.3,0.0,0.0
2024,Mato Grosso do Sul,Rural,Pública,84.6,92.8,83.8,89.3,86.1,92.4,95.5,100.0,89.8,0.0
2024,Mato Grosso,Total,Total,92.7,92.4,92.5,93.7,93.8,92.9,95.7,93.7,92.6,87.4
2024,Mato Grosso,Total,Federal,0.0,0.0,0.0,0.0,0.0,0.0,99.0,98.9,100.0,0.0
2024,Mato Grosso,Total,Estadual,0.0,0.0,0.0,94.8,90.5,95.1,96.0,100.0,92.7,97.8
2024,Mato Grosso,Total,Municipal,95.7,96.5,95.2,94.7,96.2,86.6,0.0,100.0,86.0,100.0
2024,Mato Grosso,Total,Privada,76.9,73.8,79.5,87.6,85.5,89.2,91.3,88.3,94.2,84.4
2024,Mato Grosso,Total,Pública,95.7,96.5,95.2,94.7,95.8,93.6,96.3,99.3,92.5,98.2
2024,Mato Grosso,Urbana,Total,93.9,92.7,94.3,96.2,95.9,95.8,96.4,93.4,97.4,87.4
2024,Mato Grosso,Urbana,Federal,0.0,0.0,0.0,0.0,0.0,0.0,98.9,98.7,100.0,0.0
2024,Mato Grosso,Urbana,Estadual,0.0,0.0,0.0,97.3,97.9,97.2,97.2,100.0,97.4,97.8
2024,Mato Grosso,Urbana,Municipal,97.5,97.0,98.0,98.8,98.9,98.0,0.0,0.0,100.0,100.0
2024,Mato Grosso,Urbana,Privada,77.1,73.9,79.7,87.6,85.5,89.2,91.3,88.3,94.2,84.4
2024,Mato Grosso,Urbana,Pública,97.5,97.0,98.0,98.0,98.8,97.3,97.3,99.3,97.5,98.2
2024,Mato Grosso,Rural,Total,80.7,83.3,80.5,82.2,80.4,82.6,92.2,100.0,79.8,0.0
2024,Mato Grosso,Rural,Federal,0.0,0.0,0.0,0.0,0.0,0.0,99.1,100.0,100.0,0.0
2024,Mato Grosso,Rural,Estadual,0.0,0.0,0.0,84.9,76.8,86.0,91.5,100.0,80.2,0.0
2024,Mato Grosso,Rural,Municipal,81.1,84.1,80.8,79.8,81.2,76.9,0.0,100.0,69.4,0.0
2024,Mato Grosso,Rural,Privada,50.0,66.7,42.9,87.5,71.4,90.0,92.9,0.0,0.0,0.0
2024,Mato Grosso,Rural,Pública,81.1,84.1,80.8,82.2,80.5,82.6,92.2,100.0,79.8,0.0
2024,Goiás,Total,Total,90.0,88.1,91.4,95.6,94.0,96.8,97.9,92.5,99.3,98.6
2024,Goiás,Total,Federal,100.0,100.0,100.0,100.0,100.0,100.0,99.2,98.5,99.6,0.0
2024,Goiás,Total,Estadual,100.0,100.0,0.0,99.0,100.0,99.0,99.2,95.5,99.6,100.0
2024,Goiás,Total,Municipal,93.3,91.3,95.3,97.1,97.1,97.3,100.0,0.0,99.1,98.0
2024,Goiás,Total,Privada,81.5,79.8,82.9,88.6,86.1,91.1,93.3,87.9,95.0,98.5
2024,Goiás,Total,Pública,93.3,91.3,95.3,97.9,97.1,98.6,99.2,96.2,99.5,98.6
2024,Goiás,Urbana,Total,90.1,88.2,91.4,95.8,94.1,97.1,97.9,91.6,99.4,98.6
2024,Goiás,Urbana,Federal,100.0,100.0,100.0,100.0,100.0,100.0,99.0,97.5,99.6,0.0
2024,Goiás,Urbana,Estadual,100.0,100.0,0.0,99.3,100.0,99.3,99.3,95.0,99.6,100.0
2024,Goiás,Urbana,Municipal,93.5,91.4,95.7,97.6,97.4,98.3,100.0,0.0,99.3,98.0
2024,Goiás,Urbana,Privada,81.5,79.8,82.8,88.6,86.1,91.1,93.4,87.7,95.0,98.5
2024,Goiás,Urbana,Pública,93.5,91.4,95.7,98.3,97.4,99.0,99.3,95.4,99.5,98.6
2024,Goiás,Rural,Total,88.8,70.9,90.7,93.0,93.1,93.3,98.2,99.4,97.8,100.0
2024,Goiás,Rural,Federal,0.0,0.0,0.0,0.0,0.0,0.0,100.0,100.0,100.0,0.0
2024,Goiás,Rural,Estadual,0.0,0.0,0.0,93.9,100.0,93.9,98.0,98.7,100.0,0.0
2024,Goiás,Rural,Municipal,88.9,72.3,90.4,93.1,93.3,93.3,100.0,0.0,81.8,100.0
2024,Goiás,Rural,Privada,86.4,62.5,100.0,81.8,86.1,80.6,91.9,100.0,0.0,0.0
2024,Goiás,Rural,Pública,88.9,72.3,90.4,93.2,93.3,93.5,98.5,99.4,97.8,100.0
2024,Distrito Federal,Total,Total,88.8,82.7,92.5,96.1,95.0,97.4,97.7,96.9,98.9,98.6
2024,Distrito Federal,Total,Federal,0.0,0.0,0.0,100.0,0.0,100.0,99.8,100.0,99.3,0.0
2024,Distrito Federal,Total,Estadual,96.1,86.4,96.2,97.5,97.2,98.0,97.4,98.7,99.1,98.8
2024,Distrito Federal,Total,Privada,84.1,82.6,86.9,93.2,90.5,96.3,97.7,92.5,94.1,91.7
2024,Distrito Federal,Total,Pública,96.1,86.4,96.2,97.6,97.2,98.0,97.6,99.2,99.1,98.8
2024,Distrito Federal,Urbana,Total,88.6,82.6,92.2,96.0,94.9,97.4,97.7,96.9,98.9,98.5
2024,Distrito Federal,Urbana,Federal,0.0,0.0,0.0,100.0,0.0,100.0,99.7,100.0,99.2,0.0
2024,Distrito Federal,Urbana,Estadual,96.0,75.0,96.0,97.6,97.3,98.0,97.4,98.7,99.1,98.8
2024,Distrito Federal,Urbana,Privada,84.0,82.6,86.9,93.3,90.5,96.4,97.8,92.6,94.1,91.7
2024,Distrito Federal,Urbana,Pública,96.0,75.0,96.0,97.6,97.3,98.1,97.6,99.1,99.1,98.8
2024,Distrito Federal,Rural,Total,96.8,89.7,97.5,96.5,96.4,96.7,96.7,96.6,99.2,100.0
2024,Distrito Federal,Rural,Federal,0.0,0.0,0.0,0.0,0.0,0.0,100.0,100.0,100.0,0.0
2024,Distrito Federal,Rural,Estadual,98.0,92.9,98.4,97.1,96.8,97.6,97.4,0.0,99.1,100.0
2024,Distrito Federal,Rural,Privada,87.5,86.7,85.7,77.4,72.7,81.0,82.6,80.0,0.0,0.0
2024,Distrito Federal,Rural,Pública,98.0,92.9,98.4,97.1,96.8,97.6,98.0,100.0,99.2,100.0
